{"cameraMode":{"drawMode":0,"name":"Shaded","section":"Shading Mode"},"sceneLighting":true,"audioPlay":false,"sceneViewState":{"m_AlwaysRefresh":false,"showFog":true,"showSkybox":true,"showFlares":true,"showImageEffects":true,"showParticleSystems":true,"showVisualEffectGraphs":true,"m_FxEnabled":true},"in2DMode":false,"pivot":{"x":-0.16243064403533936,"y":0.9260803461074829,"z":9.333200454711914},"rotation":{"x":-0.019788328558206559,"y":0.04857400804758072,"z":-0.0009131860570050776,"w":-0.9986656308174133},"size":17.258132934570314,"orthographic":false}